nom,prenom,email
AFOUKAL,AFOUKALP,a.foukal@uca.ma
IBANNAIN,IBANNAINP,i.bannain@uca.ma
CHARKI,CHARKIP,c.harki@uca.ma
MECHOUATE,MECHOUATEP,m.echouate@uca.ma
LAABID,LAABIDP,l.aabid@uca.ma
BOUSSELK,BOUSSELKP,b.ousselk@uca.ma
BELAQZIZ,BELAQZIZP,b.elaqziz@uca.ma
VACMATH,VACMATHP,v.math@uca.ma
